Timestamp,Date,Open,High,Low,Close,Volume,MA_High,MA_Volume,P_Anomaly,V_Anomaly
1611450000000,2021-01-24 02:00:00,0.00000197,0.00000201,0.00000196,0.00000200,580383.00000000,2.01e-06,580383.0,False,False
1611453600000,2021-01-24 03:00:00,0.00000200,0.00000208,0.00000199,0.00000207,1126580.00000000,2.045e-06,853481.5,False,False
1611457200000,2021-01-24 04:00:00,0.00000207,0.00000210,0.00000199,0.00000200,978840.00000000,2.063333333333333e-06,895267.6666666666,False,False
1611460800000,2021-01-24 05:00:00,0.00000200,0.00000205,0.00000197,0.00000201,881933.00000000,2.0599999999999998e-06,891934.0,False,False
1611464400000,2021-01-24 06:00:00,0.00000201,0.00000202,0.00000195,0.00000199,969272.00000000,2.052e-06,907401.6,False,False
1611468000000,2021-01-24 07:00:00,0.00000198,0.00000201,0.00000196,0.00000199,618623.00000000,2.045e-06,859271.8333333334,False,False
1611471600000,2021-01-24 08:00:00,0.00000199,0.00000199,0.00000197,0.00000197,275759.00000000,2.037142857142857e-06,775912.8571428572,False,False
1611475200000,2021-01-24 09:00:00,0.00000197,0.00000197,0.00000189,0.00000191,3080131.00000000,2.02875e-06,1063940.125,False,False
1611478800000,2021-01-24 10:00:00,0.00000192,0.00000196,0.00000189,0.00000196,2035891.00000000,2.021111111111111e-06,1171934.6666666667,False,False
1611482400000,2021-01-24 11:00:00,0.00000196,0.00000199,0.00000195,0.00000199,630310.00000000,2.018e-06,1117772.2,False,False
1611486000000,2021-01-24 12:00:00,0.00000198,0.00000204,0.00000196,0.00000200,1948987.00000000,2.02e-06,1193337.1818181819,False,False
1611489600000,2021-01-24 13:00:00,0.00000200,0.00000200,0.00000192,0.00000197,1359818.00000000,2.0183333333333336e-06,1207210.5833333333,False,False
1611493200000,2021-01-24 14:00:00,0.00000197,0.00000200,0.00000195,0.00000196,610065.00000000,2.0175e-06,1209684.0833333333,False,False
1611496800000,2021-01-24 15:00:00,0.00000196,0.00000196,0.00000194,0.00000194,487715.00000000,2.0075000000000003e-06,1156445.3333333333,False,False
1611500400000,2021-01-24 16:00:00,0.00000195,0.00000196,0.00000193,0.00000195,645474.00000000,1.9958333333333334e-06,1128664.8333333333,False,False
1611504000000,2021-01-24 17:00:00,0.00000196,0.00000199,0.00000191,0.00000193,1100207.00000000,1.9908333333333335e-06,1146854.3333333333,False,False
1611507600000,2021-01-24 18:00:00,0.00000193,0.00000196,0.00000193,0.00000196,584064.00000000,1.9858333333333335e-06,1114753.6666666667,False,False
1611511200000,2021-01-24 19:00:00,0.00000196,0.00000200,0.00000195,0.00000198,634594.00000000,1.9850000000000005e-06,1116084.5833333333,False,False
1611514800000,2021-01-24 20:00:00,0.00000198,0.00000199,0.00000195,0.00000196,1009926.00000000,1.985e-06,1177265.1666666667,False,False
1611518400000,2021-01-24 21:00:00,0.00000195,0.00000197,0.00000192,0.00000194,540895.00000000,1.985e-06,965662.1666666666,False,False
1611522000000,2021-01-24 22:00:00,0.00000194,0.00000194,0.00000190,0.00000191,717154.00000000,1.9833333333333335e-06,855767.4166666666,False,False
1611525600000,2021-01-24 23:00:00,0.00000191,0.00000192,0.00000188,0.00000191,742242.00000000,1.9774999999999997e-06,865095.0833333334,False,False
1611529200000,2021-01-25 00:00:00,0.00000193,0.00000193,0.00000191,0.00000191,172062.00000000,1.968333333333333e-06,717018.0,False,False
1611532800000,2021-01-25 01:00:00,0.00000191,0.00000192,0.00000188,0.00000189,745410.00000000,1.9616666666666664e-06,665817.3333333334,False,False
1611536400000,2021-01-25 02:00:00,0.00000189,0.00000191,0.00000187,0.00000188,580484.00000000,1.9541666666666665e-06,663352.25,False,False
1611540000000,2021-01-25 03:00:00,0.00000188,0.00000190,0.00000188,0.00000189,583132.00000000,1.949166666666666e-06,671303.6666666666,False,False
1611543600000,2021-01-25 04:00:00,0.00000189,0.00000190,0.00000182,0.00000182,837678.00000000,1.944166666666666e-06,687320.6666666666,False,False
1611547200000,2021-01-25 05:00:00,0.00000183,0.00000185,0.00000182,0.00000184,348626.00000000,1.9324999999999997e-06,624688.9166666666,False,False
1611550800000,2021-01-25 06:00:00,0.00000184,0.00000187,0.00000182,0.00000186,861552.00000000,1.9249999999999998e-06,647812.9166666666,False,False
1611554400000,2021-01-25 07:00:00,0.00000185,0.00000187,0.00000176,0.00000184,1655366.00000000,1.914166666666667e-06,732877.25,False,False
1611558000000,2021-01-25 08:00:00,0.00000184,0.00000184,0.00000178,0.00000182,1200471.00000000,1.9016666666666667e-06,748756.0,False,False
1611561600000,2021-01-25 09:00:00,0.00000183,0.00000184,0.00000178,0.00000178,701977.00000000,1.8908333333333334e-06,762179.5,False,False
1611565200000,2021-01-25 10:00:00,0.00000179,0.00000184,0.00000177,0.00000184,1012096.00000000,1.8825000000000002e-06,786758.0,False,False
1611568800000,2021-01-25 11:00:00,0.00000184,0.00000185,0.00000182,0.00000183,987901.00000000,1.8766666666666668e-06,807229.5833333334,False,False
1611572400000,2021-01-25 12:00:00,0.00000183,0.00000186,0.00000181,0.00000185,316624.00000000,1.8708333333333334e-06,819276.4166666666,False,False
1611576000000,2021-01-25 13:00:00,0.00000184,0.00000185,0.00000176,0.00000177,1406406.00000000,1.865e-06,874359.4166666666,False,False
1611579600000,2021-01-25 14:00:00,0.00000177,0.00000178,0.00000172,0.00000173,1712197.00000000,1.8541666666666666e-06,968668.8333333334,False,False
1611583200000,2021-01-25 15:00:00,0.00000173,0.00000173,0.00000168,0.00000172,1656969.00000000,1.84e-06,1058155.25,False,False
1611586800000,2021-01-25 16:00:00,0.00000171,0.00000175,0.00000168,0.00000172,1359494.00000000,1.8274999999999997e-06,1101639.9166666667,False,False
1611590400000,2021-01-25 17:00:00,0.00000172,0.00000173,0.00000170,0.00000170,703085.00000000,1.8174999999999998e-06,1131178.1666666667,False,False
1611594000000,2021-01-25 18:00:00,0.00000171,0.00000172,0.00000170,0.00000172,519312.00000000,1.8049999999999997e-06,1102658.1666666667,False,False
1611597600000,2021-01-25 19:00:00,0.00000171,0.00000173,0.00000171,0.00000172,721235.00000000,1.793333333333333e-06,1024813.9166666666,False,False
1611601200000,2021-01-25 20:00:00,0.00000173,0.00000175,0.00000172,0.00000175,285240.00000000,1.785833333333333e-06,948544.6666666666,False,False
1611604800000,2021-01-25 21:00:00,0.00000174,0.00000175,0.00000173,0.00000173,300628.00000000,1.778333333333333e-06,915098.9166666666,False,False
1611608400000,2021-01-25 22:00:00,0.00000173,0.00000175,0.00000172,0.00000174,341217.00000000,1.7708333333333328e-06,859192.3333333334,False,False
1611612000000,2021-01-25 23:00:00,0.00000174,0.00000176,0.00000173,0.00000174,228128.00000000,1.7633333333333331e-06,795877.9166666666,False,False
1611615600000,2021-01-26 00:00:00,0.00000174,0.00000175,0.00000173,0.00000174,109973.00000000,1.7541666666666665e-06,778657.0,False,False
1611619200000,2021-01-26 01:00:00,0.00000175,0.00000176,0.00000173,0.00000176,279017.00000000,1.7466666666666665e-06,684707.9166666666,False,False
1611622800000,2021-01-26 02:00:00,0.00000176,0.00000178,0.00000175,0.00000176,1057981.00000000,1.7466666666666665e-06,630189.9166666666,False,False
1611626400000,2021-01-26 03:00:00,0.00000177,0.00000182,0.00000177,0.00000178,1038913.00000000,1.7541666666666667e-06,578685.25,False,False
1611630000000,2021-01-26 04:00:00,0.00000178,0.00000180,0.00000177,0.00000177,389477.00000000,1.7583333333333334e-06,497850.5,False,False
1611633600000,2021-01-26 05:00:00,0.00000177,0.00000177,0.00000173,0.00000174,1207622.00000000,1.7616666666666664e-06,539895.25,False,False
1611637200000,2021-01-26 06:00:00,0.00000174,0.00000175,0.00000174,0.00000175,247078.00000000,1.7641666666666666e-06,517209.0833333333,False,False
1611640800000,2021-01-26 07:00:00,0.00000176,0.00000176,0.00000173,0.00000174,421144.00000000,1.7666666666666668e-06,492201.5,False,False
1611644400000,2021-01-26 08:00:00,0.00000174,0.00000175,0.00000174,0.00000175,175529.00000000,1.7666666666666663e-06,483058.9166666667,False,False
1611648000000,2021-01-26 09:00:00,0.00000175,0.00000176,0.00000173,0.00000174,234291.00000000,1.7674999999999998e-06,477530.8333333333,False,False
1611651600000,2021-01-26 10:00:00,0.00000174,0.00000176,0.00000173,0.00000175,625273.00000000,1.7683333333333333e-06,501202.1666666667,False,False
1611655200000,2021-01-26 11:00:00,0.00000174,0.00000177,0.00000172,0.00000177,985209.00000000,1.7691666666666665e-06,564292.25,False,False
1611658800000,2021-01-26 12:00:00,0.00000177,0.00000184,0.00000176,0.00000179,1331650.00000000,1.7766666666666669e-06,666098.6666666666,False,False
1611662400000,2021-01-26 13:00:00,0.00000179,0.00000181,0.00000178,0.00000178,384299.00000000,1.7808333333333334e-06,674872.1666666666,False,False
1611666000000,2021-01-26 14:00:00,0.00000177,0.00000178,0.00000173,0.00000174,505202.00000000,1.7808333333333334e-06,628807.25,False,False
1611669600000,2021-01-26 15:00:00,0.00000174,0.00000177,0.00000174,0.00000174,1154206.00000000,1.7766666666666667e-06,638415.0,False,False
1611673200000,2021-01-26 16:00:00,0.00000175,0.00000176,0.00000174,0.00000175,206592.00000000,1.7733333333333336e-06,623174.5833333334,False,False
1611676800000,2021-01-26 17:00:00,0.00000175,0.00000179,0.00000175,0.00000179,426145.00000000,1.775e-06,558051.5,False,False
1611680400000,2021-01-26 18:00:00,0.00000178,0.00000180,0.00000177,0.00000179,178907.00000000,1.7791666666666666e-06,552370.5833333334,False,False
1611684000000,2021-01-26 19:00:00,0.00000179,0.00000180,0.00000176,0.00000177,500422.00000000,1.7825e-06,558977.0833333334,False,False
1611687600000,2021-01-26 20:00:00,0.00000177,0.00000179,0.00000174,0.00000179,667186.00000000,1.7858333333333335e-06,599948.5,False,False
1611691200000,2021-01-26 21:00:00,0.00000178,0.00000189,0.00000178,0.00000188,1972987.00000000,1.796666666666667e-06,744839.8333333334,False,False
1611694800000,2021-01-26 22:00:00,0.00000188,0.00000188,0.00000182,0.00000184,857641.00000000,1.8066666666666668e-06,764203.8333333334,False,False
1611698400000,2021-01-26 23:00:00,0.00000184,0.00000188,0.00000184,0.00000184,456514.00000000,1.815833333333333e-06,720145.9166666666,False,False
1611702000000,2021-01-27 00:00:00,0.00000184,0.00000189,0.00000183,0.00000187,577081.00000000,1.8199999999999997e-06,657265.1666666666,False,False
1611705600000,2021-01-27 01:00:00,0.00000187,0.00000189,0.00000182,0.00000183,641983.00000000,1.8266666666666666e-06,678738.8333333334,False,False
1611709200000,2021-01-27 02:00:00,0.00000184,0.00000185,0.00000182,0.00000183,252237.00000000,1.8325e-06,657658.4166666666,False,False
1611712800000,2021-01-27 03:00:00,0.00000183,0.00000183,0.00000179,0.00000181,546975.00000000,1.8375000000000004e-06,607055.8333333334,False,False
1611716400000,2021-01-27 04:00:00,0.00000180,0.00000180,0.00000177,0.00000179,877264.00000000,1.8408333333333336e-06,662945.1666666666,False,False
1611720000000,2021-01-27 05:00:00,0.00000178,0.00000185,0.00000178,0.00000181,495989.00000000,1.8458333333333336e-06,668765.5,False,False
1611723600000,2021-01-27 06:00:00,0.00000181,0.00000185,0.00000179,0.00000182,710722.00000000,1.8500000000000003e-06,713083.4166666666,False,False
1611727200000,2021-01-27 07:00:00,0.00000182,0.00000183,0.00000180,0.00000180,216982.00000000,1.8525000000000005e-06,689463.4166666666,False,False
1611730800000,2021-01-27 08:00:00,0.00000180,0.00000183,0.00000180,0.00000181,286130.00000000,1.8558333333333335e-06,657708.75,False,False
1611734400000,2021-01-27 09:00:00,0.00000181,0.00000181,0.00000174,0.00000176,1114812.00000000,1.8491666666666668e-06,586194.1666666666,False,False
1611738000000,2021-01-27 10:00:00,0.00000176,0.00000178,0.00000175,0.00000178,542626.00000000,1.8408333333333336e-06,559942.9166666666,False,False
1611741600000,2021-01-27 11:00:00,0.00000178,0.00000178,0.00000175,0.00000177,105992.00000000,1.8325e-06,530732.75,False,False
1611745200000,2021-01-27 12:00:00,0.00000175,0.00000179,0.00000175,0.00000177,206903.00000000,1.8241666666666668e-06,499884.5833333333,False,False
1611748800000,2021-01-27 13:00:00,0.00000177,0.00000177,0.00000174,0.00000174,476950.00000000,1.8141666666666663e-06,486131.8333333333,False,False
1611752400000,2021-01-27 14:00:00,0.00000175,0.00000180,0.00000174,0.00000175,739132.00000000,1.8099999999999998e-06,526706.4166666666,False,False
1611756000000,2021-01-27 15:00:00,0.00000174,0.00000175,0.00000172,0.00000174,956160.00000000,1.803333333333333e-06,560805.1666666666,False,False
1611759600000,2021-01-27 16:00:00,0.00000174,0.00000177,0.00000174,0.00000177,276082.00000000,1.8008333333333332e-06,510706.6666666667,False,False
1611763200000,2021-01-27 17:00:00,0.00000177,0.00000182,0.00000177,0.00000180,1428759.00000000,1.7983333333333334e-06,588437.5,False,False
1611766800000,2021-01-27 18:00:00,0.00000179,0.00000180,0.00000176,0.00000176,428435.00000000,1.7941666666666663e-06,564913.5833333334,False,False
1611770400000,2021-01-27 19:00:00,0.00000176,0.00000181,0.00000176,0.00000179,528791.00000000,1.7925000000000002e-06,590897.6666666666,False,False
1611774000000,2021-01-27 20:00:00,0.00000179,0.00000180,0.00000178,0.00000179,243980.00000000,1.79e-06,587385.1666666666,False,False
1611777600000,2021-01-27 21:00:00,0.00000179,0.00000180,0.00000175,0.00000175,175646.00000000,1.7891666666666665e-06,509121.3333333333,False,False
1611781200000,2021-01-27 22:00:00,0.00000175,0.00000183,0.00000174,0.00000176,674988.00000000,1.7933333333333335e-06,520151.5,False,False
1611784800000,2021-01-27 23:00:00,0.00000177,0.00000178,0.00000175,0.00000178,207889.00000000,1.7933333333333335e-06,528642.9166666666,False,False
1611788400000,2021-01-28 00:00:00,0.00000178,0.00000178,0.00000175,0.00000177,327883.00000000,1.7925e-06,538724.5833333334,False,False
1611792000000,2021-01-28 01:00:00,0.00000176,0.00000180,0.00000176,0.00000176,343961.00000000,1.7949999999999998e-06,527642.1666666666,False,False
1611795600000,2021-01-28 02:00:00,0.00000177,0.00000179,0.00000177,0.00000177,119309.00000000,1.7941666666666665e-06,475990.25,False,False
1611799200000,2021-01-28 03:00:00,0.00000177,0.00000178,0.00000177,0.00000178,41958.00000000,1.7966666666666667e-06,399806.75,False,False
1611802800000,2021-01-28 04:00:00,0.00000178,0.00000179,0.00000175,0.00000176,79493.00000000,1.7983333333333336e-06,383424.3333333333,False,False
1611806400000,2021-01-28 05:00:00,0.00000177,0.00000179,0.00000174,0.00000179,827270.00000000,1.7958333333333334e-06,333300.25,False,False
1611810000000,2021-01-28 06:00:00,0.00000179,0.00000180,0.00000177,0.00000177,314006.00000000,1.7958333333333334e-06,323764.5,False,False
1611813600000,2021-01-28 07:00:00,0.00000176,0.00000179,0.00000174,0.00000177,308849.00000000,1.794166666666667e-06,305436.0,False,False
1611817200000,2021-01-28 08:00:00,0.00000177,0.00000178,0.00000177,0.00000178,95701.00000000,1.7925000000000002e-06,293079.4166666667,False,False
1611820800000,2021-01-28 09:00:00,0.00000177,0.00000178,0.00000177,0.00000178,253510.00000000,1.7908333333333335e-06,299568.0833333333,False,False
1611824400000,2021-01-28 10:00:00,0.00000178,0.00000179,0.00000177,0.00000179,275502.00000000,1.7875e-06,266277.5833333333,False,False
1611828000000,2021-01-28 11:00:00,0.00000179,0.00000182,0.00000179,0.00000180,277314.00000000,1.7908333333333333e-06,272063.0,False,False
1611831600000,2021-01-28 12:00:00,0.00000181,0.00000181,0.00000179,0.00000179,340237.00000000,1.7933333333333335e-06,273092.5,False,False
1611835200000,2021-01-28 13:00:00,0.00000179,0.00000181,0.00000178,0.00000180,348421.00000000,1.794166666666667e-06,273464.1666666667,False,False
1611838800000,2021-01-28 14:00:00,0.00000180,0.00000183,0.00000180,0.00000181,342321.00000000,1.7975000000000002e-06,292048.5,False,False
1611842400000,2021-01-28 15:00:00,0.00000181,0.00000182,0.00000178,0.00000179,349106.00000000,1.8008333333333334e-06,317644.1666666667,False,False
1611846000000,2021-01-28 16:00:00,0.00000179,0.00000180,0.00000175,0.00000178,1174666.00000000,1.8016666666666666e-06,408908.5833333333,False,False
1611849600000,2021-01-28 17:00:00,0.00000178,0.00000182,0.00000176,0.00000176,983872.00000000,1.8041666666666664e-06,421958.75,False,False
1611853200000,2021-01-28 18:00:00,0.00000176,0.00000181,0.00000176,0.00000178,643739.00000000,1.8049999999999999e-06,449436.5,False,False
1611856800000,2021-01-28 19:00:00,0.00000178,0.00000180,0.00000175,0.00000175,700151.00000000,1.8058333333333331e-06,482045.0,False,False
1611860400000,2021-01-28 20:00:00,0.00000176,0.00000177,0.00000174,0.00000174,729947.00000000,1.8049999999999999e-06,534898.8333333334,False,False
1611864000000,2021-01-28 21:00:00,0.00000175,0.00000177,0.00000172,0.00000172,1212087.00000000,1.8041666666666664e-06,614780.25,False,False
1611867600000,2021-01-28 22:00:00,0.00000173,0.00000173,0.00000170,0.00000171,678617.00000000,1.7991666666666662e-06,648373.1666666666,False,False
1611871200000,2021-01-28 23:00:00,0.00000169,0.00000170,0.00000167,0.00000167,437174.00000000,1.7891666666666663e-06,661694.8333333334,False,False
1611874800000,2021-01-29 00:00:00,0.00000167,0.00000169,0.00000166,0.00000167,632160.00000000,1.7791666666666664e-06,686021.75,False,False
1611878400000,2021-01-29 01:00:00,0.00000167,0.00000168,0.00000160,0.00000160,2074106.00000000,1.7683333333333333e-06,829828.8333333334,False,False
1611882000000,2021-01-29 02:00:00,0.00000161,0.00000163,0.00000159,0.00000163,837449.00000000,1.7516666666666665e-06,871089.5,False,False
1611885600000,2021-01-29 03:00:00,0.00000162,0.00000163,0.00000161,0.00000162,226517.00000000,1.7358333333333336e-06,860873.75,False,False
1611889200000,2021-01-29 04:00:00,0.00000162,0.00000162,0.00000159,0.00000161,791764.00000000,1.7208333333333337e-06,828965.25,False,False
1611892800000,2021-01-29 05:00:00,0.00000160,0.00000165,0.00000159,0.00000165,926999.00000000,1.7066666666666667e-06,824225.8333333334,False,False
1611896400000,2021-01-29 06:00:00,0.00000165,0.00000168,0.00000163,0.00000164,1179004.00000000,1.6958333333333335e-06,868831.25,False,False
1611900000000,2021-01-29 07:00:00,0.00000164,0.00000170,0.00000164,0.00000167,584443.00000000,1.6875000000000001e-06,859188.9166666666,False,False
1611903600000,2021-01-29 08:00:00,0.00000167,0.00000172,0.00000166,0.00000167,1597229.00000000,1.6833333333333332e-06,931462.4166666666,False,False
1611907200000,2021-01-29 09:00:00,0.00000167,0.00000171,0.00000154,0.00000155,2410980.00000000,1.6783333333333333e-06,1031370.1666666666,False,False
1611910800000,2021-01-29 10:00:00,0.00000155,0.00000156,0.00000144,0.00000151,2636531.00000000,1.6641666666666665e-06,1194529.6666666667,False,False
1611914400000,2021-01-29 11:00:00,0.00000151,0.00000155,0.00000149,0.00000150,1018372.00000000,1.6516666666666664e-06,1242962.8333333333,False,False
1611918000000,2021-01-29 12:00:00,0.00000150,0.00000152,0.00000149,0.00000150,455522.00000000,1.6375e-06,1228243.0,False,False
1611921600000,2021-01-29 13:00:00,0.00000150,0.00000153,0.00000149,0.00000150,693159.00000000,1.6250000000000003e-06,1113164.0833333333,False,False
1611925200000,2021-01-29 14:00:00,0.00000149,0.00000153,0.00000147,0.00000147,1080847.00000000,1.616666666666667e-06,1133447.25,False,False
1611928800000,2021-01-29 15:00:00,0.00000147,0.00000154,0.00000147,0.00000152,511858.00000000,1.6091666666666666e-06,1157225.6666666667,False,False
1611932400000,2021-01-29 16:00:00,0.00000152,0.00000155,0.00000150,0.00000154,323520.00000000,1.6033333333333336e-06,1118205.3333333333,False,False
1611936000000,2021-01-29 17:00:00,0.00000153,0.00000160,0.00000151,0.00000157,1111656.00000000,1.599166666666667e-06,1133593.4166666667,False,False
1611939600000,2021-01-29 18:00:00,0.00000158,0.00000160,0.00000156,0.00000158,500983.00000000,1.5924999999999998e-06,1077091.6666666667,False,False
1611943200000,2021-01-29 19:00:00,0.00000158,0.00000161,0.00000157,0.00000160,203510.00000000,1.5850000000000003e-06,1045347.25,False,False
1611946800000,2021-01-29 20:00:00,0.00000160,0.00000164,0.00000159,0.00000162,279167.00000000,1.5783333333333334e-06,935508.75,False,False
1611950400000,2021-01-29 21:00:00,0.00000162,0.00000168,0.00000161,0.00000161,556609.00000000,1.5758333333333336e-06,780977.8333333334,False,False
1611954000000,2021-01-29 22:00:00,0.00000162,0.00000163,0.00000160,0.00000160,1280147.00000000,1.5816666666666668e-06,667945.8333333334,False,False
1611957600000,2021-01-29 23:00:00,0.00000160,0.00000162,0.00000159,0.00000161,476571.00000000,1.5875000000000003e-06,622795.75,False,False
1611961200000,2021-01-30 00:00:00,0.00000161,0.00000165,0.00000161,0.00000164,425214.00000000,1.5983333333333332e-06,620270.0833333334,False,False
1611964800000,2021-01-30 01:00:00,0.00000165,0.00000165,0.00000160,0.00000163,158329.00000000,1.6083333333333331e-06,575700.9166666666,False,False
1611968400000,2021-01-30 02:00:00,0.00000163,0.00000163,0.00000158,0.00000162,392141.00000000,1.6166666666666667e-06,518308.75,False,False
1611972000000,2021-01-30 03:00:00,0.00000163,0.00000164,0.00000159,0.00000162,352139.00000000,1.625e-06,504998.8333333333,False,False
1611975600000,2021-01-30 04:00:00,0.00000163,0.00000167,0.00000162,0.00000166,298762.00000000,1.6349999999999998e-06,502935.6666666667,False,False
1611979200000,2021-01-30 05:00:00,0.00000165,0.00000167,0.00000165,0.00000166,265083.00000000,1.640833333333333e-06,432387.9166666667,False,False
1611982800000,2021-01-30 06:00:00,0.00000166,0.00000166,0.00000164,0.00000165,380789.00000000,1.6458333333333332e-06,422371.75,False,False
1611986400000,2021-01-30 07:00:00,0.00000166,0.00000168,0.00000164,0.00000164,411580.00000000,1.6516666666666666e-06,439710.9166666667,False,False
1611990000000,2021-01-30 08:00:00,0.00000164,0.00000166,0.00000164,0.00000164,133141.00000000,1.6533333333333335e-06,427542.0833333333,False,False
1611993600000,2021-01-30 09:00:00,0.00000164,0.00000165,0.00000162,0.00000164,329021.00000000,1.6508333333333331e-06,408576.4166666667,False,False
1611997200000,2021-01-30 10:00:00,0.00000164,0.00000165,0.00000163,0.00000165,182332.00000000,1.6524999999999998e-06,317091.8333333333,False,False
1612000800000,2021-01-30 11:00:00,0.00000164,0.00000178,0.00000162,0.00000175,3625438.00000000,1.665833333333333e-06,579497.4166666666,False,True
1612004400000,2021-01-30 12:00:00,0.00000175,0.00000177,0.00000171,0.00000172,1677460.00000000,1.6758333333333335e-06,683851.25,False,False
1612008000000,2021-01-30 13:00:00,0.00000173,0.00000178,0.00000172,0.00000175,483300.00000000,1.6866666666666663e-06,710932.1666666666,False,False
1612011600000,2021-01-30 14:00:00,0.00000175,0.00000179,0.00000173,0.00000173,1126961.00000000,1.7e-06,772167.1666666666,False,False
1612015200000,2021-01-30 15:00:00,0.00000173,0.00000178,0.00000172,0.00000176,1298087.00000000,1.7116666666666667e-06,850996.1666666666,False,False
1612018800000,2021-01-30 16:00:00,0.00000175,0.00000177,0.00000173,0.00000174,913458.00000000,1.7199999999999998e-06,902220.8333333334,False,False
1612022400000,2021-01-30 17:00:00,0.00000174,0.00000176,0.00000168,0.00000171,2098293.00000000,1.7275000000000002e-06,1054988.3333333333,False,False
1612026000000,2021-01-30 18:00:00,0.00000171,0.00000195,0.00000171,0.00000186,14233532.00000000,1.751666666666667e-06,2209383.5833333335,False,True
1612029600000,2021-01-30 19:00:00,0.00000186,0.00000190,0.00000182,0.00000184,2344867.00000000,1.7699999999999998e-06,2370490.8333333335,False,False
1612033200000,2021-01-30 20:00:00,0.00000184,0.00000191,0.00000182,0.00000187,2468672.00000000,1.7908333333333333e-06,2565118.4166666665,False,False
1612036800000,2021-01-30 21:00:00,0.00000186,0.00000186,0.00000181,0.00000182,1884548.00000000,1.8083333333333333e-06,2694745.6666666665,False,False
1612040400000,2021-01-30 22:00:00,0.00000182,0.00000191,0.00000182,0.00000184,2032653.00000000,1.83e-06,2848939.0833333335,False,False
1612044000000,2021-01-30 23:00:00,0.00000183,0.00000184,0.00000177,0.00000180,2433657.00000000,1.835e-06,2749624.0,False,False
1612047600000,2021-01-31 00:00:00,0.00000180,0.00000187,0.00000180,0.00000185,602490.00000000,1.8433333333333334e-06,2660043.1666666665,False,False
1612051200000,2021-01-31 01:00:00,0.00000186,0.00000187,0.00000183,0.00000185,484395.00000000,1.8508333333333335e-06,2660134.4166666665,False,False
1612054800000,2021-01-31 02:00:00,0.00000184,0.00000185,0.00000178,0.00000179,1241898.00000000,1.8558333333333335e-06,2669712.5,False,False
1612058400000,2021-01-31 03:00:00,0.00000180,0.00000182,0.00000178,0.00000180,317638.00000000,1.8591666666666667e-06,2588008.4166666665,False,False
1612062000000,2021-01-31 04:00:00,0.00000181,0.00000182,0.00000178,0.00000179,276800.00000000,1.8633333333333336e-06,2534953.5833333335,False,False
1612065600000,2021-01-31 05:00:00,0.00000178,0.00000181,0.00000178,0.00000180,100287.00000000,1.8675000000000001e-06,2368453.0833333335,False,False
1612069200000,2021-01-31 06:00:00,0.00000181,0.00000183,0.00000180,0.00000181,336114.00000000,1.8575000000000002e-06,1210334.9166666667,False,False
1612072800000,2021-01-31 07:00:00,0.00000181,0.00000184,0.00000180,0.00000182,205706.00000000,1.8525000000000003e-06,1032071.5,False,False
1612076400000,2021-01-31 08:00:00,0.00000183,0.00000184,0.00000181,0.00000182,395343.00000000,1.8466666666666668e-06,859294.0833333334,False,False
1612080000000,2021-01-31 09:00:00,0.00000182,0.00000187,0.00000180,0.00000186,690164.00000000,1.8474999999999997e-06,759762.0833333334,False,False
1612083600000,2021-01-31 10:00:00,0.00000185,0.00000187,0.00000180,0.00000180,1397816.00000000,1.8441666666666667e-06,706859.0,False,False
1612087200000,2021-01-31 11:00:00,0.00000180,0.00000181,0.00000177,0.00000178,745573.00000000,1.8416666666666669e-06,566185.3333333334,False,False
1612090800000,2021-01-31 12:00:00,0.00000177,0.00000183,0.00000177,0.00000182,808950.00000000,1.8383333333333332e-06,583390.3333333334,False,False
1612094400000,2021-01-31 13:00:00,0.00000182,0.00000184,0.00000177,0.00000179,750757.00000000,1.8358333333333335e-06,605587.1666666666,False,False
1612098000000,2021-01-31 14:00:00,0.00000178,0.00000182,0.00000178,0.00000181,459018.00000000,1.8333333333333335e-06,540347.1666666666,False,False
1612101600000,2021-01-31 15:00:00,0.00000180,0.00000180,0.00000177,0.00000177,548742.00000000,1.8316666666666666e-06,559605.8333333334,False,False
1612105200000,2021-01-31 16:00:00,0.00000177,0.00000177,0.00000170,0.00000174,1522960.00000000,1.8275e-06,663452.5,False,False
1612108800000,2021-01-31 17:00:00,0.00000174,0.00000176,0.00000170,0.00000173,1894752.00000000,1.8233333333333332e-06,812991.25,False,False
1612112400000,2021-01-31 18:00:00,0.00000173,0.00000179,0.00000172,0.00000177,1653574.00000000,1.8199999999999997e-06,922779.5833333334,False,False
1612116000000,2021-01-31 19:00:00,0.00000177,0.00000179,0.00000175,0.00000177,731067.00000000,1.8158333333333337e-06,966559.6666666666,False,False
1612119600000,2021-01-31 20:00:00,0.00000177,0.00000178,0.00000175,0.00000176,840435.00000000,1.8108333333333337e-06,1003650.6666666666,False,False
1612123200000,2021-01-31 21:00:00,0.00000177,0.00000180,0.00000176,0.00000180,894378.00000000,1.8050000000000003e-06,1020668.5,False,False
1612126800000,2021-01-31 22:00:00,0.00000179,0.00000183,0.00000178,0.00000182,947557.00000000,1.8016666666666666e-06,983146.9166666666,False,False
1612130400000,2021-01-31 23:00:00,0.00000182,0.00000182,0.00000176,0.00000177,394876.00000000,1.8025e-06,953922.1666666666,False,False
1612134000000,2021-02-01 00:00:00,0.00000178,0.00000181,0.00000177,0.00000178,408529.00000000,1.8008333333333334e-06,920553.75,False,False
1612137600000,2021-02-01 01:00:00,0.00000178,0.00000180,0.00000176,0.00000178,509160.00000000,1.7975000000000002e-06,900420.6666666666,False,False
1612141200000,2021-02-01 02:00:00,0.00000178,0.00000179,0.00000175,0.00000176,142609.00000000,1.795e-06,874053.25,False,False
1612144800000,2021-02-01 03:00:00,0.00000176,0.00000178,0.00000175,0.00000175,164387.00000000,1.7933333333333335e-06,842023.6666666666,False,False
1612148400000,2021-02-01 04:00:00,0.00000175,0.00000176,0.00000173,0.00000173,364482.00000000,1.7925e-06,745483.8333333334,False,False
1612152000000,2021-02-01 05:00:00,0.00000173,0.00000174,0.00000173,0.00000174,123576.00000000,1.7908333333333333e-06,597885.8333333334,False,False
1612155600000,2021-02-01 06:00:00,0.00000174,0.00000174,0.00000172,0.00000172,96767.00000000,1.7866666666666668e-06,468151.9166666667,False,False
1612159200000,2021-02-01 07:00:00,0.00000173,0.00000174,0.00000171,0.00000172,603757.00000000,1.7825e-06,457542.75,False,False
1612162800000,2021-02-01 08:00:00,0.00000172,0.00000175,0.00000171,0.00000174,473388.00000000,1.78e-06,426955.5,False,False
1612166400000,2021-02-01 09:00:00,0.00000173,0.00000174,0.00000168,0.00000169,1237879.00000000,1.775e-06,455580.5833333333,False,False
1612170000000,2021-02-01 10:00:00,0.00000168,0.00000169,0.00000164,0.00000168,1419061.00000000,1.7633333333333331e-06,494872.5833333333,False,False
1612173600000,2021-02-01 11:00:00,0.00000168,0.00000169,0.00000167,0.00000168,405935.00000000,1.7524999999999997e-06,495794.1666666667,False,False
1612177200000,2021-02-01 12:00:00,0.00000169,0.00000170,0.00000167,0.00000168,290791.00000000,1.7433333333333333e-06,485982.6666666667,False,False
1612180800000,2021-02-01 13:00:00,0.00000168,0.00000176,0.00000167,0.00000176,1883717.00000000,1.74e-06,600529.0833333334,False,False
1612184400000,2021-02-01 14:00:00,0.00000176,0.00000181,0.00000174,0.00000175,1114785.00000000,1.741666666666667e-06,681543.75,False,False
1612188000000,2021-02-01 15:00:00,0.00000175,0.00000176,0.00000171,0.00000172,462663.00000000,1.7400000000000003e-06,706400.0833333334,False,False
1612191600000,2021-02-01 16:00:00,0.00000173,0.00000177,0.00000173,0.00000177,284288.00000000,1.7408333333333331e-06,699717.25,False,False
1612195200000,2021-02-01 17:00:00,0.00000178,0.00000178,0.00000175,0.00000176,270151.00000000,1.744166666666667e-06,711931.8333333334,False,False
1612198800000,2021-02-01 18:00:00,0.00000176,0.00000177,0.00000172,0.00000173,293064.00000000,1.7466666666666663e-06,728289.9166666666,False,False
1612202400000,2021-02-01 19:00:00,0.00000173,0.00000175,0.00000171,0.00000173,700560.00000000,1.7474999999999996e-06,736356.8333333334,False,False
1612206000000,2021-02-01 20:00:00,0.00000174,0.00000174,0.00000171,0.00000173,255163.00000000,1.7466666666666665e-06,718171.4166666666,False,False
1612209600000,2021-02-01 21:00:00,0.00000173,0.00000175,0.00000172,0.00000175,458562.00000000,1.7474999999999998e-06,653228.3333333334,False,False
1612213200000,2021-02-01 22:00:00,0.00000175,0.00000175,0.00000174,0.00000174,132431.00000000,1.7524999999999997e-06,546009.1666666666,False,False
1612216800000,2021-02-01 23:00:00,0.00000174,0.00000176,0.00000173,0.00000174,469501.00000000,1.7583333333333332e-06,551306.3333333334,False,False
1612220400000,2021-02-02 00:00:00,0.00000174,0.00000178,0.00000173,0.00000177,487357.00000000,1.7649999999999998e-06,567686.8333333334,False,False
1612224000000,2021-02-02 01:00:00,0.00000177,0.00000179,0.00000174,0.00000174,219059.00000000,1.7675000000000002e-06,428965.3333333333,False,False
1612227600000,2021-02-02 02:00:00,0.00000175,0.00000178,0.00000175,0.00000176,283840.00000000,1.7650000000000003e-06,359719.9166666667,False,False
1612231200000,2021-02-02 03:00:00,0.00000177,0.00000177,0.00000175,0.00000175,54560.00000000,1.7658333333333333e-06,325711.3333333333,False,False
1612234800000,2021-02-02 04:00:00,0.00000176,0.00000183,0.00000175,0.00000179,1107777.00000000,1.7708333333333335e-06,394335.4166666667,False,False
1612238400000,2021-02-02 05:00:00,0.00000180,0.00000182,0.00000178,0.00000178,280123.00000000,1.7741666666666667e-06,395166.4166666667,False,False
1612242000000,2021-02-02 06:00:00,0.00000179,0.00000180,0.00000177,0.00000179,152848.00000000,1.7766666666666667e-06,383481.75,False,False
1612245600000,2021-02-02 07:00:00,0.00000179,0.00000179,0.00000175,0.00000176,499708.00000000,1.7800000000000001e-06,366744.0833333333,False,False
1612249200000,2021-02-02 08:00:00,0.00000175,0.00000176,0.00000174,0.00000176,289396.00000000,1.7816666666666668e-06,369596.8333333333,False,False
1612252800000,2021-02-02 09:00:00,0.00000176,0.00000176,0.00000172,0.00000172,934739.00000000,1.7825e-06,409278.25,False,False
1612256400000,2021-02-02 10:00:00,0.00000172,0.00000172,0.00000167,0.00000170,916394.00000000,1.78e-06,474608.5,False,False
1612260000000,2021-02-02 11:00:00,0.00000170,0.00000173,0.00000170,0.00000172,333847.00000000,1.7774999999999997e-06,463304.0,False,False
1612263600000,2021-02-02 12:00:00,0.00000172,0.00000173,0.00000170,0.00000172,283102.00000000,1.773333333333333e-06,446282.75,False,False
1612267200000,2021-02-02 13:00:00,0.00000171,0.00000173,0.00000171,0.00000171,203069.00000000,1.768333333333333e-06,444950.25,False,False
1612270800000,2021-02-02 14:00:00,0.00000172,0.00000173,0.00000171,0.00000171,389121.00000000,1.7641666666666664e-06,453723.6666666667,False,False
1612274400000,2021-02-02 15:00:00,0.00000172,0.00000173,0.00000170,0.00000171,963016.00000000,1.760833333333333e-06,529428.3333333334,False,False
1612278000000,2021-02-02 16:00:00,0.00000171,0.00000175,0.00000170,0.00000174,1253621.00000000,1.7541666666666665e-06,541582.0,False,False
1612281600000,2021-02-02 17:00:00,0.00000175,0.00000180,0.00000174,0.00000175,832886.00000000,1.7524999999999997e-06,587645.5833333334,False,False
1612285200000,2021-02-02 18:00:00,0.00000175,0.00000178,0.00000173,0.00000174,415384.00000000,1.7508333333333334e-06,609523.5833333334,False,False
1612288800000,2021-02-02 19:00:00,0.00000174,0.00000178,0.00000172,0.00000177,961250.00000000,1.7500000000000002e-06,647985.4166666666,False,False
1612292400000,2021-02-02 20:00:00,0.00000177,0.00000180,0.00000176,0.00000178,1130748.00000000,1.7533333333333334e-06,718098.0833333334,False,False
1612296000000,2021-02-02 21:00:00,0.00000178,0.00000178,0.00000172,0.00000173,1174890.00000000,1.7550000000000001e-06,738110.6666666666,False,False
1612299600000,2021-02-02 22:00:00,0.00000173,0.00000177,0.00000173,0.00000176,420439.00000000,1.7591666666666666e-06,696781.0833333334,False,False
1612303200000,2021-02-02 23:00:00,0.00000176,0.00000182,0.00000176,0.00000181,1127719.00000000,1.7666666666666668e-06,762937.0833333334,False,False
1612306800000,2021-02-03 00:00:00,0.00000180,0.00000182,0.00000178,0.00000178,713268.00000000,1.7741666666666663e-06,798784.25,False,False
1612310400000,2021-02-03 01:00:00,0.00000178,0.00000180,0.00000174,0.00000174,378351.00000000,1.7799999999999997e-06,813391.0833333334,False,False
1612314000000,2021-02-03 02:00:00,0.00000175,0.00000177,0.00000173,0.00000177,307284.00000000,1.7833333333333331e-06,806571.3333333334,False,False
1612317600000,2021-02-03 03:00:00,0.00000177,0.00000181,0.00000175,0.00000180,270276.00000000,1.79e-06,748843.0,False,False
1612321200000,2021-02-03 04:00:00,0.00000180,0.00000186,0.00000179,0.00000185,1505861.00000000,1.7991666666666665e-06,769863.0,False,False
1612324800000,2021-02-03 05:00:00,0.00000186,0.00000189,0.00000181,0.00000182,965054.00000000,1.8066666666666666e-06,780877.0,False,False
1612328400000,2021-02-03 06:00:00,0.00000182,0.00000185,0.00000182,0.00000184,199653.00000000,1.8125e-06,762899.4166666666,False,False
1612332000000,2021-02-03 07:00:00,0.00000184,0.00000185,0.00000177,0.00000179,1319121.00000000,1.8183333333333334e-06,792722.0,False,False
1612335600000,2021-02-03 08:00:00,0.00000178,0.00000184,0.00000178,0.00000183,483596.00000000,1.8216666666666667e-06,738792.6666666666,False,False
1612339200000,2021-02-03 09:00:00,0.00000182,0.00000185,0.00000181,0.00000183,634060.00000000,1.8275e-06,693723.5,False,False
1612342800000,2021-02-03 10:00:00,0.00000182,0.00000186,0.00000181,0.00000184,450321.00000000,1.8350000000000002e-06,696213.6666666666,False,False
1612346400000,2021-02-03 11:00:00,0.00000184,0.00000193,0.00000184,0.00000191,1667480.00000000,1.8441666666666669e-06,741193.75,False,False
1612350000000,2021-02-03 12:00:00,0.00000190,0.00000196,0.00000187,0.00000193,1694597.00000000,1.8558333333333335e-06,822971.1666666666,False,False
1612353600000,2021-02-03 13:00:00,0.00000192,0.00000193,0.00000184,0.00000191,2105104.00000000,1.8666666666666667e-06,966867.25,False,False
1612357200000,2021-02-03 14:00:00,0.00000191,0.00000203,0.00000191,0.00000198,4256092.00000000,1.8883333333333334e-06,1295934.5833333333,False,False
1612360800000,2021-02-03 15:00:00,0.00000198,0.00000210,0.00000194,0.00000208,3919678.00000000,1.9124999999999995e-06,1600051.4166666667,False,False
1612364400000,2021-02-03 16:00:00,0.00000209,0.00000210,0.00000198,0.00000203,3240153.00000000,1.9325e-06,1744575.75,False,False
1612368000000,2021-02-03 17:00:00,0.00000203,0.00000204,0.00000194,0.00000195,2390907.00000000,1.9450000000000004e-06,1863396.8333333333,False,False
1612371600000,2021-02-03 18:00:00,0.00000195,0.00000196,0.00000192,0.00000195,1318734.00000000,1.954166666666667e-06,1956653.5833333333,False,False
1612375200000,2021-02-03 19:00:00,0.00000195,0.00000201,0.00000194,0.00000198,995633.00000000,1.9675000000000002e-06,1929696.25,False,False
1612378800000,2021-02-03 20:00:00,0.00000198,0.00000201,0.00000194,0.00000200,2088509.00000000,1.9816666666666666e-06,2063439.0,False,False
1612382400000,2021-02-03 21:00:00,0.00000200,0.00000207,0.00000200,0.00000206,2199068.00000000,2e-06,2193856.3333333335,False,False
1612386000000,2021-02-03 22:00:00,0.00000207,0.00000207,0.00000201,0.00000205,2268508.00000000,2.0175e-06,2345371.9166666665,False,False
1612389600000,2021-02-03 23:00:00,0.00000205,0.00000207,0.00000203,0.00000204,874208.00000000,2.029166666666666e-06,2279265.9166666665,False,False
1612393200000,2021-02-04 00:00:00,0.00000204,0.00000210,0.00000202,0.00000203,891222.00000000,2.040833333333333e-06,2212318.0,False,False
1612396800000,2021-02-04 01:00:00,0.00000203,0.00000205,0.00000195,0.00000195,1035095.00000000,2.050833333333333e-06,2123150.5833333335,False,False
1612400400000,2021-02-04 02:00:00,0.00000195,0.00000210,0.00000195,0.00000204,1749985.00000000,2.0566666666666663e-06,1914308.3333333333,False,False
1612404000000,2021-02-04 03:00:00,0.00000204,0.00000206,0.00000198,0.00000199,537150.00000000,2.0533333333333333e-06,1632431.0,False,False
1612407600000,2021-02-04 04:00:00,0.00000199,0.00000200,0.00000196,0.00000198,313958.00000000,2.0450000000000003e-06,1388581.4166666667,False,False
1612411200000,2021-02-04 05:00:00,0.00000198,0.00000198,0.00000191,0.00000194,824981.00000000,2.0400000000000004e-06,1258087.5833333333,False,False
1612414800000,2021-02-04 06:00:00,0.00000193,0.00000196,0.00000191,0.00000194,578397.00000000,2.0400000000000004e-06,1196392.8333333333,False,False
1612418400000,2021-02-04 07:00:00,0.00000194,0.00000194,0.00000187,0.00000188,1333943.00000000,2.034166666666667e-06,1224585.3333333333,False,False
1612422000000,2021-02-04 08:00:00,0.00000188,0.00000192,0.00000187,0.00000187,1240704.00000000,2.0266666666666666e-06,1153934.9166666667,False,False
1612425600000,2021-02-04 09:00:00,0.00000187,0.00000188,0.00000180,0.00000185,1174029.00000000,2.010833333333333e-06,1068515.0,False,False
1612429200000,2021-02-04 10:00:00,0.00000185,0.00000188,0.00000182,0.00000187,1024282.00000000,1.9949999999999995e-06,964829.5,False,False
1612432800000,2021-02-04 11:00:00,0.00000186,0.00000191,0.00000185,0.00000188,1314787.00000000,1.981666666666666e-06,1001544.4166666666,False,False
1612436400000,2021-02-04 12:00:00,0.00000188,0.00000193,0.00000188,0.00000192,876668.00000000,1.9675e-06,1000331.5833333334,False,False
1612440000000,2021-02-04 13:00:00,0.00000193,0.00000193,0.00000187,0.00000187,550911.00000000,1.9575e-06,959982.9166666666,False,False
1612443600000,2021-02-04 14:00:00,0.00000187,0.00000192,0.00000187,0.00000189,365792.00000000,1.9425e-06,844633.5,False,False
1612447200000,2021-02-04 15:00:00,0.00000189,0.00000190,0.00000188,0.00000190,422579.00000000,1.9291666666666663e-06,835085.9166666666,False,False
1612450800000,2021-02-04 16:00:00,0.00000189,0.00000192,0.00000187,0.00000192,746078.00000000,1.9225e-06,871095.9166666666,False,False
1612454400000,2021-02-04 17:00:00,0.00000192,0.00000197,0.00000191,0.00000196,842369.00000000,1.9216666666666663e-06,872544.9166666666,False,False
1612458000000,2021-02-04 18:00:00,0.00000195,0.00000198,0.00000194,0.00000196,332554.00000000,1.9233333333333333e-06,852058.0,False,False
1612461600000,2021-02-04 19:00:00,0.00000196,0.00000197,0.00000191,0.00000192,250402.00000000,1.9258333333333332e-06,761762.9166666666,False,False
1612465200000,2021-02-04 20:00:00,0.00000192,0.00000193,0.00000189,0.00000191,498537.00000000,1.9266666666666667e-06,699915.6666666666,False,False
1612468800000,2021-02-04 21:00:00,0.00000190,0.00000194,0.00000187,0.00000194,624380.00000000,1.931666666666667e-06,654111.5833333334,False,False
1612472400000,2021-02-04 22:00:00,0.00000194,0.00000194,0.00000186,0.00000190,964189.00000000,1.9366666666666666e-06,649103.8333333334,False,False
1612476000000,2021-02-04 23:00:00,0.00000190,0.00000192,0.00000187,0.00000191,466143.00000000,1.9375e-06,578383.5,False,False
1612479600000,2021-02-05 00:00:00,0.00000191,0.00000192,0.00000190,0.00000191,202981.00000000,1.936666666666666e-06,522242.9166666667,False,False
1612483200000,2021-02-05 01:00:00,0.00000192,0.00000192,0.00000189,0.00000191,203776.00000000,1.935833333333333e-06,493315.0,False,False
1612486800000,2021-02-05 02:00:00,0.00000191,0.00000194,0.00000189,0.00000193,446462.00000000,1.9374999999999997e-06,500037.5,False,False
1612490400000,2021-02-05 03:00:00,0.00000193,0.00000196,0.00000193,0.00000195,189145.00000000,1.9425e-06,480584.6666666667,False,False
1612494000000,2021-02-05 04:00:00,0.00000195,0.00000196,0.00000187,0.00000193,603063.00000000,1.945833333333334e-06,468666.75,False,False
1612497600000,2021-02-05 05:00:00,0.00000193,0.00000193,0.00000190,0.00000192,330574.00000000,1.9425e-06,426017.1666666667,False,False
1612501200000,2021-02-05 06:00:00,0.00000192,0.00000192,0.00000190,0.00000191,464450.00000000,1.9375e-06,437008.5,False,False
1612504800000,2021-02-05 07:00:00,0.00000191,0.00000192,0.00000189,0.00000190,676778.00000000,1.933333333333333e-06,472539.8333333333,False,False
1612508400000,2021-02-05 08:00:00,0.00000191,0.00000197,0.00000190,0.00000197,633832.00000000,1.9366666666666666e-06,483814.4166666667,False,False
1612512000000,2021-02-05 09:00:00,0.00000195,0.00000199,0.00000194,0.00000198,604242.00000000,1.940833333333333e-06,482136.25,False,False
1612515600000,2021-02-05 10:00:00,0.00000197,0.00000200,0.00000196,0.00000200,590756.00000000,1.945833333333333e-06,451016.8333333333,False,False
1612519200000,2021-02-05 11:00:00,0.00000200,0.00000203,0.00000195,0.00000199,1100440.00000000,1.955e-06,503874.9166666667,False,False
1612522800000,2021-02-05 12:00:00,0.00000198,0.00000199,0.00000194,0.00000197,989840.00000000,1.9608333333333333e-06,569446.5,False,False
1612526400000,2021-02-05 13:00:00,0.00000197,0.00000197,0.00000191,0.00000192,416409.00000000,1.9650000000000002e-06,587165.9166666666,False,False
1612530000000,2021-02-05 14:00:00,0.00000191,0.00000196,0.00000191,0.00000194,423503.00000000,1.9666666666666663e-06,585252.6666666666,False,False
1612533600000,2021-02-05 15:00:00,0.00000193,0.00000197,0.00000190,0.00000193,1266111.00000000,1.9675e-06,674999.8333333334,False,False
1612537200000,2021-02-05 16:00:00,0.00000193,0.00000195,0.00000190,0.00000193,673686.00000000,1.9666666666666668e-06,680885.0833333334,False,False
1612540800000,2021-02-05 17:00:00,0.00000192,0.00000194,0.00000190,0.00000190,632820.00000000,1.9675e-06,706072.25,False,False
1612544400000,2021-02-05 18:00:00,0.00000190,0.00000207,0.00000189,0.00000206,2579707.00000000,1.9799999999999997e-06,882343.6666666666,False,False
1612548000000,2021-02-05 19:00:00,0.00000206,0.00000206,0.00000198,0.00000200,1549246.00000000,1.991666666666667e-06,955049.3333333334,False,False
1612551600000,2021-02-05 20:00:00,0.00000199,0.00000208,0.00000198,0.00000204,1797912.00000000,2.0008333333333334e-06,1052056.0,False,False
1612555200000,2021-02-05 21:00:00,0.00000205,0.00000218,0.00000204,0.00000217,3019056.00000000,2.0166666666666667e-06,1253290.5,False,False
1612558800000,2021-02-05 22:00:00,0.00000216,0.00000220,0.00000207,0.00000213,3878033.00000000,2.0333333333333335e-06,1527230.25,False,False
1612562400000,2021-02-05 23:00:00,0.00000213,0.00000215,0.00000209,0.00000209,1178917.00000000,2.0433333333333334e-06,1533770.0,False,False
1612566000000,2021-02-06 00:00:00,0.00000210,0.00000210,0.00000200,0.00000208,2718731.00000000,2.0525e-06,1677844.25,False,False
1612569600000,2021-02-06 01:00:00,0.00000207,0.00000210,0.00000205,0.00000205,809573.00000000,2.0633333333333336e-06,1710607.9166666667,False,False
1612573200000,2021-02-06 02:00:00,0.00000205,0.00000206,0.00000189,0.00000191,3271002.00000000,2.071666666666667e-06,1947899.5,False,False
1612576800000,2021-02-06 03:00:00,0.00000191,0.00000198,0.00000188,0.00000189,980178.00000000,2.0725000000000005e-06,1924071.75,False,False
1612580400000,2021-02-06 04:00:00,0.00000189,0.00000192,0.00000186,0.00000187,1027531.00000000,2.07e-06,1953558.8333333333,False,False
1612584000000,2021-02-06 05:00:00,0.00000188,0.00000213,0.00000187,0.00000192,2217719.00000000,2.085833333333333e-06,2085633.75,False,False
1612587600000,2021-02-06 06:00:00,0.00000193,0.00000193,0.00000189,0.00000193,597883.00000000,2.0741666666666666e-06,1920481.75,False,False
1612591200000,2021-02-06 07:00:00,0.00000192,0.00000194,0.00000191,0.00000194,205721.00000000,2.0641666666666667e-06,1808521.3333333333,False,False
1612594800000,2021-02-06 08:00:00,0.00000195,0.00000197,0.00000195,0.00000196,877261.00000000,2.0550000000000002e-06,1731800.4166666667,False,False
1612598400000,2021-02-06 09:00:00,0.00000195,0.00000195,0.00000189,0.00000193,797975.00000000,2.035833333333334e-06,1546710.3333333333,False,False
1612602000000,2021-02-06 10:00:00,0.00000193,0.00000194,0.00000186,0.00000186,1223997.00000000,2.0141666666666667e-06,1325540.6666666667,False,False
1612605600000,2021-02-06 11:00:00,0.00000187,0.00000187,0.00000181,0.00000181,964017.00000000,1.9908333333333335e-06,1307632.3333333333,False,False
1612609200000,2021-02-06 12:00:00,0.00000181,0.00000182,0.00000177,0.00000178,1353336.00000000,1.9675e-06,1193849.4166666667,False,False
1612612800000,2021-02-06 13:00:00,0.00000180,0.00000180,0.00000176,0.00000179,863489.00000000,1.9425e-06,1198342.4166666667,False,False
1612616400000,2021-02-06 14:00:00,0.00000179,0.00000182,0.00000178,0.00000182,436915.00000000,1.9225e-06,962168.5,False,False
1612620000000,2021-02-06 15:00:00,0.00000182,0.00000185,0.00000180,0.00000185,476849.00000000,1.911666666666667e-06,920224.4166666666,False,False
1612623600000,2021-02-06 16:00:00,0.00000185,0.00000186,0.00000180,0.00000180,681029.00000000,1.9066666666666667e-06,891349.25,False,False
1612627200000,2021-02-06 17:00:00,0.00000180,0.00000183,0.00000178,0.00000181,505979.00000000,1.8816666666666667e-06,748704.25,False,False
1612630800000,2021-02-06 18:00:00,0.00000182,0.00000184,0.00000180,0.00000183,342232.00000000,1.8741666666666666e-06,727400.0,False,False
1612634400000,2021-02-06 19:00:00,0.00000184,0.00000187,0.00000183,0.00000184,845686.00000000,1.8683333333333332e-06,780730.4166666666,False,False
1612638000000,2021-02-06 20:00:00,0.00000184,0.00000185,0.00000182,0.00000184,476744.00000000,1.8583333333333333e-06,747354.0,False,False
1612641600000,2021-02-06 21:00:00,0.00000184,0.00000187,0.00000180,0.00000184,1031279.00000000,1.8516666666666668e-06,766796.0,False,False
1612645200000,2021-02-06 22:00:00,0.00000183,0.00000185,0.00000181,0.00000185,474670.00000000,1.8441666666666667e-06,704352.0833333334,False,False
1612648800000,2021-02-06 23:00:00,0.00000185,0.00000185,0.00000179,0.00000181,417266.00000000,1.8425000000000004e-06,658789.5,False,False
1612652400000,2021-02-07 00:00:00,0.00000181,0.00000184,0.00000181,0.00000183,379165.00000000,1.8441666666666669e-06,577608.5833333334,False,False
1612656000000,2021-02-07 01:00:00,0.00000183,0.00000186,0.00000183,0.00000183,405639.00000000,1.8491666666666668e-06,539454.4166666666,False,False
1612659600000,2021-02-07 02:00:00,0.00000183,0.00000184,0.00000181,0.00000184,315064.00000000,1.8508333333333335e-06,529300.1666666666,False,False
1612663200000,2021-02-07 03:00:00,0.00000183,0.00000184,0.00000181,0.00000182,670543.00000000,1.85e-06,545441.3333333334,False,False
1612666800000,2021-02-07 04:00:00,0.00000184,0.00000184,0.00000182,0.00000183,121380.00000000,1.8483333333333331e-06,498803.9166666667,False,False
1612670400000,2021-02-07 05:00:00,0.00000183,0.00000186,0.00000182,0.00000183,667093.00000000,1.850833333333333e-06,512230.0833333333,False,False
1612674000000,2021-02-07 06:00:00,0.00000183,0.00000183,0.00000181,0.00000182,251107.00000000,1.8499999999999999e-06,504636.3333333333,False,False
1612677600000,2021-02-07 07:00:00,0.00000182,0.00000187,0.00000180,0.00000186,501521.00000000,1.8499999999999999e-06,475955.9166666667,False,False
1612681200000,2021-02-07 08:00:00,0.00000186,0.00000187,0.00000183,0.00000185,552432.00000000,1.8516666666666668e-06,482263.25,False,False
1612684800000,2021-02-07 09:00:00,0.00000185,0.00000188,0.00000185,0.00000186,282398.00000000,1.8524999999999998e-06,419856.5,False,False
1612688400000,2021-02-07 10:00:00,0.00000187,0.00000187,0.00000184,0.00000186,288409.00000000,1.8541666666666666e-06,404334.75,False,False
1612692000000,2021-02-07 11:00:00,0.00000186,0.00000188,0.00000185,0.00000185,651653.00000000,1.8566666666666663e-06,423867.0,False,False
1612695600000,2021-02-07 12:00:00,0.00000185,0.00000187,0.00000185,0.00000187,427904.00000000,1.8591666666666667e-06,427928.5833333333,False,False
1612699200000,2021-02-07 13:00:00,0.00000187,0.00000188,0.00000185,0.00000186,424926.00000000,1.8608333333333334e-06,429535.8333333333,False,False
1612702800000,2021-02-07 14:00:00,0.00000185,0.00000188,0.00000185,0.00000185,244758.00000000,1.8641666666666667e-06,423677.0,False,False
1612706400000,2021-02-07 15:00:00,0.00000186,0.00000186,0.00000181,0.00000181,1037169.00000000,1.8658333333333334e-06,454229.1666666667,False,False
1612710000000,2021-02-07 16:00:00,0.00000182,0.00000183,0.00000178,0.00000181,985719.00000000,1.8650000000000001e-06,526257.4166666666,False,False
1612713600000,2021-02-07 17:00:00,0.00000180,0.00000181,0.00000175,0.00000178,1556247.00000000,1.8608333333333337e-06,600353.5833333334,False,False
1612717200000,2021-02-07 18:00:00,0.00000179,0.00000180,0.00000177,0.00000177,255041.00000000,1.8583333333333337e-06,600681.4166666666,False,False
1612720800000,2021-02-07 19:00:00,0.00000177,0.00000180,0.00000177,0.00000179,808421.00000000,1.8525000000000003e-06,626256.4166666666,False,False
1612724400000,2021-02-07 20:00:00,0.00000180,0.00000181,0.00000179,0.00000179,230317.00000000,1.8474999999999999e-06,599413.5,False,False
1612728000000,2021-02-07 21:00:00,0.00000179,0.00000181,0.00000178,0.00000180,408202.00000000,1.8416666666666669e-06,609897.1666666666,False,False
1612731600000,2021-02-07 22:00:00,0.00000180,0.00000180,0.00000176,0.00000179,307846.00000000,1.8358333333333335e-06,611516.9166666666,False,False
1612735200000,2021-02-07 23:00:00,0.00000179,0.00000182,0.00000176,0.00000177,402468.00000000,1.8308333333333335e-06,590751.5,False,False
1612738800000,2021-02-08 00:00:00,0.00000178,0.00000179,0.00000175,0.00000179,638864.00000000,1.8241666666666668e-06,608331.5,False,False
1612742400000,2021-02-08 01:00:00,0.00000179,0.00000181,0.00000177,0.00000178,237607.00000000,1.8183333333333334e-06,592721.5833333334,False,False
1612746000000,2021-02-08 02:00:00,0.00000178,0.00000180,0.00000167,0.00000179,1641009.00000000,1.8116666666666668e-06,709075.8333333334,False,False
1612749600000,2021-02-08 03:00:00,0.00000179,0.00000180,0.00000178,0.00000179,190467.00000000,1.8066666666666666e-06,638517.3333333334,False,False
1612753200000,2021-02-08 04:00:00,0.00000179,0.00000181,0.00000178,0.00000180,157524.00000000,1.8049999999999999e-06,569501.0833333334,False,False
1612756800000,2021-02-08 05:00:00,0.00000180,0.00000183,0.00000179,0.00000183,279292.00000000,1.8066666666666668e-06,463088.1666666667,False,False
1612760400000,2021-02-08 06:00:00,0.00000182,0.00000183,0.00000178,0.00000181,929419.00000000,1.809166666666667e-06,519286.3333333333,False,False
1612764000000,2021-02-08 07:00:00,0.00000180,0.00000197,0.00000180,0.00000196,2584064.00000000,1.8233333333333334e-06,667256.5833333334,False,False
1612767600000,2021-02-08 08:00:00,0.00000196,0.00000197,0.00000188,0.00000194,1421048.00000000,1.8366666666666665e-06,766484.1666666666,False,False
1612771200000,2021-02-08 09:00:00,0.00000193,0.00000197,0.00000192,0.00000193,956674.00000000,1.8499999999999999e-06,812190.1666666666,False,False
1612774800000,2021-02-08 10:00:00,0.00000193,0.00000194,0.00000190,0.00000192,660319.00000000,1.8616666666666667e-06,841562.9166666666,False,False
1612778400000,2021-02-08 11:00:00,0.00000190,0.00000192,0.00000188,0.00000188,619117.00000000,1.8699999999999999e-06,859617.0,False,False
1612782000000,2021-02-08 12:00:00,0.00000187,0.00000189,0.00000187,0.00000188,634618.00000000,1.878333333333333e-06,859263.1666666666,False,False
1612785600000,2021-02-08 13:00:00,0.00000188,0.00000189,0.00000174,0.00000174,1105424.00000000,1.885e-06,931581.25,False,False
1612789200000,2021-02-08 14:00:00,0.00000174,0.00000176,0.00000163,0.00000166,2366565.00000000,1.8816666666666667e-06,992044.25,False,False
1612792800000,2021-02-08 15:00:00,0.00000167,0.00000171,0.00000165,0.00000169,839376.00000000,1.8741666666666666e-06,1046120.0,False,False
1612796400000,2021-02-08 16:00:00,0.00000169,0.00000172,0.00000169,0.00000171,467742.00000000,1.8666666666666667e-06,1071971.5,False,False
1612800000000,2021-02-08 17:00:00,0.00000170,0.00000170,0.00000166,0.00000169,1020014.00000000,1.8558333333333335e-06,1133698.3333333333,False,False
1612803600000,2021-02-08 18:00:00,0.00000168,0.00000173,0.00000168,0.00000169,658259.00000000,1.8474999999999999e-06,1111101.6666666667,False,False
1612807200000,2021-02-08 19:00:00,0.00000170,0.00000173,0.00000169,0.00000173,603126.00000000,1.8274999999999999e-06,946023.5,False,False
1612810800000,2021-02-08 20:00:00,0.00000173,0.00000173,0.00000170,0.00000171,239841.00000000,1.8074999999999998e-06,847589.5833333334,False,False
1612814400000,2021-02-08 21:00:00,0.00000170,0.00000173,0.00000167,0.00000168,418924.00000000,1.7874999999999996e-06,802777.0833333334,False,False
1612818000000,2021-02-08 22:00:00,0.00000168,0.00000169,0.00000165,0.00000165,510217.00000000,1.7666666666666663e-06,790268.5833333334,False,False
1612821600000,2021-02-08 23:00:00,0.00000166,0.00000168,0.00000165,0.00000166,201359.00000000,1.7466666666666665e-06,755455.4166666666,False,False
1612825200000,2021-02-09 00:00:00,0.00000166,0.00000166,0.00000158,0.00000159,2007772.00000000,1.7275000000000002e-06,869884.9166666666,False,False
1612828800000,2021-02-09 01:00:00,0.00000159,0.00000160,0.00000154,0.00000157,1559124.00000000,1.7033333333333335e-06,907693.25,False,False
1612832400000,2021-02-09 02:00:00,0.00000157,0.00000161,0.00000157,0.00000160,370225.00000000,1.6908333333333336e-06,741331.5833333334,False,False
1612836000000,2021-02-09 03:00:00,0.00000159,0.00000160,0.00000158,0.00000159,226640.00000000,1.6816666666666667e-06,690270.25,False,False
1612839600000,2021-02-09 04:00:00,0.00000159,0.00000159,0.00000154,0.00000155,1596990.00000000,1.6708333333333336e-06,784374.25,False,False
1612843200000,2021-02-09 05:00:00,0.00000155,0.00000156,0.00000154,0.00000154,442612.00000000,1.6591666666666667e-06,736257.4166666666,False,False
1612846800000,2021-02-09 06:00:00,0.00000154,0.00000155,0.00000148,0.00000150,2443815.00000000,1.6441666666666667e-06,885053.75,False,False
1612850400000,2021-02-09 07:00:00,0.00000151,0.00000153,0.00000147,0.00000147,1145758.00000000,1.6275e-06,930273.0833333334,False,False
1612854000000,2021-02-09 08:00:00,0.00000148,0.00000154,0.00000148,0.00000152,1380495.00000000,1.6116666666666668e-06,1025327.5833333334,False,False
1612857600000,2021-02-09 09:00:00,0.00000153,0.00000158,0.00000153,0.00000156,729214.00000000,1.5991666666666665e-06,1051185.0833333333,False,False
1612861200000,2021-02-09 10:00:00,0.00000156,0.00000161,0.00000156,0.00000160,1281498.00000000,1.5924999999999998e-06,1115458.5,False,False
1612864800000,2021-02-09 11:00:00,0.00000160,0.00000164,0.00000159,0.00000162,1037882.00000000,1.5891666666666668e-06,1185168.75,False,False
1612868400000,2021-02-09 12:00:00,0.00000162,0.00000163,0.00000157,0.00000159,921591.00000000,1.586666666666667e-06,1094653.6666666667,False,False
1612872000000,2021-02-09 13:00:00,0.00000159,0.00000160,0.00000156,0.00000160,523578.00000000,1.5866666666666668e-06,1008358.1666666666,False,False
1612875600000,2021-02-09 14:00:00,0.00000160,0.00000162,0.00000158,0.00000159,453182.00000000,1.5875000000000003e-06,1015271.25,False,False
1612879200000,2021-02-09 15:00:00,0.00000159,0.00000172,0.00000159,0.00000168,1600948.00000000,1.5975000000000002e-06,1129796.9166666667,False,False
1612882800000,2021-02-09 16:00:00,0.00000168,0.00000171,0.00000161,0.00000161,731840.00000000,1.6075e-06,1057701.0833333333,False,False
1612886400000,2021-02-09 17:00:00,0.00000161,0.00000163,0.00000160,0.00000162,467171.00000000,1.613333333333333e-06,1059747.6666666667,False,False
1612890000000,2021-02-09 18:00:00,0.00000162,0.00000166,0.00000162,0.00000163,241406.00000000,1.6225000000000001e-06,876213.5833333334,False,False
1612893600000,2021-02-09 19:00:00,0.00000163,0.00000165,0.00000162,0.00000163,212724.00000000,1.6325e-06,798460.75,False,False
1612897200000,2021-02-09 20:00:00,0.00000163,0.00000166,0.00000161,0.00000164,585912.00000000,1.6425e-06,732245.5,False,False
1612900800000,2021-02-09 21:00:00,0.00000164,0.00000166,0.00000161,0.00000164,468609.00000000,1.6491666666666668e-06,710528.4166666666,False,False
1612904400000,2021-02-09 22:00:00,0.00000163,0.00000165,0.00000161,0.00000163,211751.00000000,1.6524999999999998e-06,621382.8333333334,False,False
1612908000000,2021-02-09 23:00:00,0.00000164,0.00000165,0.00000162,0.00000164,694597.00000000,1.653333333333333e-06,592775.75,False,False
1612911600000,2021-02-10 00:00:00,0.00000164,0.00000166,0.00000164,0.00000164,183812.00000000,1.655833333333333e-06,531294.1666666666,False,False
1612915200000,2021-02-10 01:00:00,0.00000164,0.00000166,0.00000162,0.00000164,577093.00000000,1.6608333333333335e-06,535753.75,False,False
1612918800000,2021-02-10 02:00:00,0.00000165,0.00000168,0.00000165,0.00000168,707262.00000000,1.6658333333333334e-06,556927.0833333334,False,False
1612922400000,2021-02-10 03:00:00,0.00000168,0.00000169,0.00000166,0.00000168,95909.00000000,1.6633333333333332e-06,431507.1666666667,False,False
1612926000000,2021-02-10 04:00:00,0.00000167,0.00000168,0.00000165,0.00000166,249870.00000000,1.660833333333333e-06,391343.0,False,False
1612929600000,2021-02-10 05:00:00,0.00000167,0.00000167,0.00000165,0.00000165,419260.00000000,1.6641666666666665e-06,387350.4166666667,False,False
1612933200000,2021-02-10 06:00:00,0.00000166,0.00000167,0.00000163,0.00000166,459922.00000000,1.665e-06,405560.0833333333,False,False
1612936800000,2021-02-10 07:00:00,0.00000167,0.00000167,0.00000165,0.00000166,288925.00000000,1.6666666666666665e-06,411910.1666666667,False,False
1612940400000,2021-02-10 08:00:00,0.00000167,0.00000169,0.00000166,0.00000167,426420.00000000,1.6691666666666664e-06,398619.1666666667,False,False
1612944000000,2021-02-10 09:00:00,0.00000167,0.00000170,0.00000167,0.00000168,363402.00000000,1.6724999999999999e-06,389851.9166666667,False,False
1612947600000,2021-02-10 10:00:00,0.00000168,0.00000169,0.00000166,0.00000166,415933.00000000,1.6758333333333329e-06,406867.0833333333,False,False
1612951200000,2021-02-10 11:00:00,0.00000166,0.00000169,0.00000164,0.00000168,1200342.00000000,1.6791666666666663e-06,449012.5,False,False
1612954800000,2021-02-10 12:00:00,0.00000168,0.00000181,0.00000167,0.00000180,2340319.00000000,1.6916666666666666e-06,628721.4166666666,False,False
1612958400000,2021-02-10 13:00:00,0.00000181,0.00000181,0.00000171,0.00000179,3437379.00000000,1.7041666666666665e-06,867078.5833333334,False,False
1612962000000,2021-02-10 14:00:00,0.00000179,0.00000179,0.00000171,0.00000173,1194062.00000000,1.7133333333333336e-06,907645.25,False,False
1612965600000,2021-02-10 15:00:00,0.00000173,0.00000177,0.00000172,0.00000175,542724.00000000,1.7200000000000005e-06,944879.8333333334,False,False
1612969200000,2021-02-10 16:00:00,0.00000175,0.00000176,0.00000167,0.00000171,1557881.00000000,1.7266666666666667e-06,1053880.75,False,False
1612972800000,2021-02-10 17:00:00,0.00000172,0.00000174,0.00000170,0.00000173,453273.00000000,1.7325e-06,1056715.1666666667,False,False
1612976400000,2021-02-10 18:00:00,0.00000173,0.00000175,0.00000169,0.00000172,698880.00000000,1.7391666666666666e-06,1076628.3333333333,False,False
1612980000000,2021-02-10 19:00:00,0.00000172,0.00000177,0.00000171,0.00000176,1024897.00000000,1.7474999999999998e-06,1137959.3333333333,False,False
1612983600000,2021-02-10 20:00:00,0.00000177,0.00000181,0.00000173,0.00000178,1478786.00000000,1.7575e-06,1225656.5,False,False
1612987200000,2021-02-10 21:00:00,0.00000178,0.00000186,0.00000178,0.00000181,2775904.00000000,1.7708333333333332e-06,1426698.3333333333,False,False
1612990800000,2021-02-10 22:00:00,0.00000180,0.00000185,0.00000178,0.00000184,1252680.00000000,1.7841666666666666e-06,1496427.25,False,False
1612994400000,2021-02-10 23:00:00,0.00000183,0.00000187,0.00000183,0.00000186,451358.00000000,1.7991666666666669e-06,1434011.9166666667,False,False
1612998000000,2021-02-11 00:00:00,0.00000185,0.00000187,0.00000183,0.00000187,1115610.00000000,1.8041666666666668e-06,1331952.8333333333,False,False
1613001600000,2021-02-11 01:00:00,0.00000186,0.00000188,0.00000185,0.00000186,460583.00000000,1.8100000000000002e-06,1083886.5,False,False
1613005200000,2021-02-11 02:00:00,0.00000186,0.00000187,0.00000184,0.00000186,227504.00000000,1.8166666666666667e-06,1003340.0,False,False
1613008800000,2021-02-11 03:00:00,0.00000186,0.00000188,0.00000186,0.00000188,58085.00000000,1.8258333333333336e-06,962953.4166666666,False,False
1613012400000,2021-02-11 04:00:00,0.00000188,0.00000188,0.00000188,0.00000188,0.00000000,1.8358333333333335e-06,833130.0,False,False
1613019600000,2021-02-11 06:00:00,0.00000187,0.00000189,0.00000185,0.00000186,1237793.00000000,1.8483333333333334e-06,898506.6666666666,False,False
1613023200000,2021-02-11 07:00:00,0.00000186,0.00000192,0.00000185,0.00000190,1440974.00000000,1.8625000000000002e-06,960347.8333333334,False,False
1613026800000,2021-02-11 08:00:00,0.00000191,0.00000193,0.00000184,0.00000185,3337577.00000000,1.8758333333333333e-06,1153071.1666666667,False,False
1613030400000,2021-02-11 09:00:00,0.00000185,0.00000187,0.00000184,0.00000185,648721.00000000,1.8808333333333335e-06,1083899.0833333333,False,False
1613034000000,2021-02-11 10:00:00,0.00000185,0.00000186,0.00000183,0.00000186,403980.00000000,1.8808333333333335e-06,886238.75,False,False
1613037600000,2021-02-11 11:00:00,0.00000185,0.00000185,0.00000181,0.00000181,989612.00000000,1.8808333333333335e-06,864316.4166666666,False,False
1613041200000,2021-02-11 12:00:00,0.00000182,0.00000184,0.00000180,0.00000182,1313655.00000000,1.8783333333333335e-06,936174.5,False,False
1613044800000,2021-02-11 13:00:00,0.00000182,0.00000187,0.00000181,0.00000185,848593.00000000,1.8783333333333335e-06,913923.0833333334,False,False
1613048400000,2021-02-11 14:00:00,0.00000185,0.00000188,0.00000178,0.00000183,3099510.00000000,1.8783333333333335e-06,1133833.6666666667,False,False
1613052000000,2021-02-11 15:00:00,0.00000183,0.00000187,0.00000182,0.00000186,1364852.00000000,1.8783333333333335e-06,1228612.6666666667,False,False
1613055600000,2021-02-11 16:00:00,0.00000186,0.00000219,0.00000185,0.00000207,9707796.00000000,1.904166666666667e-06,2032755.25,False,False
1613059200000,2021-02-11 17:00:00,0.00000207,0.00000213,0.00000195,0.00000202,4499283.00000000,1.9249999999999998e-06,2407695.5,False,False
1613062800000,2021-02-11 18:00:00,0.00000202,0.00000207,0.00000196,0.00000200,2554208.00000000,1.94e-06,2517396.75,False,False
1613066400000,2021-02-11 19:00:00,0.00000200,0.00000204,0.00000197,0.00000201,983278.00000000,1.95e-06,2479255.4166666665,False,False
1613070000000,2021-02-11 20:00:00,0.00000201,0.00000207,0.00000196,0.00000201,1489546.00000000,1.961666666666667e-06,2325252.8333333335,False,False
1613073600000,2021-02-11 21:00:00,0.00000201,0.00000203,0.00000196,0.00000203,1355014.00000000,1.975e-06,2384110.5833333335,False,False
1613077200000,2021-02-11 22:00:00,0.00000202,0.00000210,0.00000201,0.00000208,1523415.00000000,1.995e-06,2477396.8333333335,False,False
1613080800000,2021-02-11 23:00:00,0.00000208,0.00000212,0.00000205,0.00000205,2081252.00000000,2.0175e-06,2568366.8333333335,False,False
1613084400000,2021-02-12 00:00:00,0.00000205,0.00000205,0.00000201,0.00000202,656256.00000000,2.035e-06,2513583.5833333335,False,False
1613088000000,2021-02-12 01:00:00,0.00000202,0.00000206,0.00000199,0.00000205,1164403.00000000,2.0508333333333337e-06,2539901.0833333335,False,False
1613091600000,2021-02-12 02:00:00,0.00000206,0.00000206,0.00000202,0.00000203,189043.00000000,2.0658333333333336e-06,2297362.1666666665,False,False
1613095200000,2021-02-12 03:00:00,0.00000204,0.00000204,0.00000202,0.00000204,189087.00000000,2.08e-06,2199381.75,False,False
1613098800000,2021-02-12 04:00:00,0.00000202,0.00000206,0.00000201,0.00000202,323229.00000000,2.0691666666666666e-06,1417334.5,False,False
1613102400000,2021-02-12 05:00:00,0.00000202,0.00000202,0.00000195,0.00000197,597458.00000000,2.06e-06,1092182.4166666667,False,False
1613106000000,2021-02-12 06:00:00,0.00000197,0.00000214,0.00000196,0.00000209,3292077.00000000,2.0658333333333336e-06,1153671.5,False,False
1613109600000,2021-02-12 07:00:00,0.00000209,0.00000209,0.00000203,0.00000206,603550.00000000,2.07e-06,1122027.5,False,False
1613113200000,2021-02-12 08:00:00,0.00000207,0.00000235,0.00000207,0.00000235,5400268.00000000,2.0933333333333333e-06,1447921.0,False,False
1613116800000,2021-02-12 09:00:00,0.00000235,0.00000345,0.00000227,0.00000345,30628332.00000000,2.2116666666666665e-06,3887364.1666666665,False,True
1613120400000,2021-02-12 10:00:00,0.00000345,0.00000345,0.00000288,0.00000332,37233080.00000000,2.3241666666666667e-06,6863169.583333333,False,True
1613124000000,2021-02-12 11:00:00,0.00000334,0.00000399,0.00000312,0.00000344,46946228.00000000,2.48e-06,10601917.583333334,False,False
1613127600000,2021-02-12 12:00:00,0.00000346,0.00000379,0.00000324,0.00000340,22348771.00000000,2.625e-06,12409627.166666666,False,False
1613131200000,2021-02-12 13:00:00,0.00000340,0.00000351,0.00000306,0.00000310,20514307.00000000,2.7458333333333334e-06,14022119.166666666,False,False
1613134800000,2021-02-12 14:00:00,0.00000311,0.00000329,0.00000305,0.00000317,15525756.00000000,2.848333333333333e-06,15300178.583333334,False,False
1613138400000,2021-02-12 15:00:00,0.00000317,0.00000319,0.00000297,0.00000305,10180588.00000000,2.9441666666666663e-06,16132803.666666666,False,False
1613142000000,2021-02-12 16:00:00,0.00000305,0.00000327,0.00000303,0.00000321,8670993.00000000,3.045e-06,16828450.666666668,False,False
1613145600000,2021-02-12 17:00:00,0.00000320,0.00000325,0.00000300,0.00000304,6681159.00000000,3.1475e-06,17335425.75,False,False
1613149200000,2021-02-12 18:00:00,0.00000304,0.00000304,0.00000282,0.00000283,8195260.00000000,3.2224999999999996e-06,17744024.333333332,False,False
1613152800000,2021-02-12 19:00:00,0.00000284,0.00000296,0.00000282,0.00000293,5105364.00000000,3.295e-06,18119175.5,False,False
1613156400000,2021-02-12 20:00:00,0.00000294,0.00000309,0.00000284,0.00000302,5971386.00000000,3.356666666666666e-06,18166768.666666668,False,False
1613160000000,2021-02-12 21:00:00,0.00000302,0.00000309,0.00000285,0.00000289,4772766.00000000,3.3266666666666664e-06,16012138.166666666,False,False
1613163600000,2021-02-12 22:00:00,0.00000288,0.00000288,0.00000271,0.00000275,5739002.00000000,3.279166666666667e-06,13387631.666666666,False,False
1613167200000,2021-02-12 23:00:00,0.00000275,0.00000284,0.00000275,0.00000278,1639623.00000000,3.1833333333333335e-06,9612081.25,False,False
1613170800000,2021-02-13 00:00:00,0.00000277,0.00000292,0.00000273,0.00000278,4538279.00000000,3.110833333333333e-06,8127873.583333333,False,False
1613174400000,2021-02-13 01:00:00,0.00000278,0.00000288,0.00000277,0.00000286,1325431.00000000,3.0583333333333326e-06,6528800.583333333,False,False
